invoice_id,cust_number,customer_name,sector,payment_term_days,invoice_amount,issue_date,due_date,status,optimistic_paid_date_P10,expected_paid_date_P50,pessimistic_paid_date_P90,actual_paid_date,days_to_payment,delay_vs_due_date,had_partial_payment_flag,is_big_ticket_spike,customer_archetype_TRUE_LABEL
INV700025,C1005,FoodBev Client 001,Food & Beverage,30,358699.65,2025-08-07,2025-09-06,open,2025-09-03,2025-09-11,2025-09-19,,,,False,False,average_payer
INV700047,C1001,Textiles Client 002,Textiles & Apparel,60,362820.59,2025-08-22,2025-10-21,closed,2025-10-11,2025-10-16,2025-10-21,2025-10-18,57,-3,False,False,early_payer
INV700037,C1007,Constro Client 001,Construction Materials,30,207813.05,2025-08-25,2025-09-24,closed,2025-09-21,2025-09-29,2025-10-07,2025-10-05,41,11,False,False,average_payer
INV700040,C1003,Electro Client 001,Electronics & Hardware,90,107520.06,2025-08-30,2025-11-28,open,2025-11-25,2025-12-03,2025-12-11,,,,False,False,average_payer
INV700045,C1003,Electro Client 001,Electronics & Hardware,30,696586.69,2025-09-05,2025-10-05,open,2025-10-02,2025-10-10,2025-10-18,,,,False,True,average_payer
INV700021,C1001,Textiles Client 002,Textiles & Apparel,45,341108.16,2025-09-14,2025-10-29,closed,2025-10-19,2025-10-24,2025-10-29,2025-10-22,38,-7,False,False,early_payer
INV700036,C1008,Pharma Client 001,Pharma & Healthcare,90,1426722.88,2025-09-16,2025-12-15,open,2025-12-05,2025-12-10,2025-12-15,,,,False,True,early_payer
INV700020,C1007,Constro Client 001,Construction Materials,30,384287.56,2025-09-21,2025-10-21,closed,2025-10-18,2025-10-26,2025-11-03,2025-10-23,32,2,False,False,average_payer
INV700028,C1005,FoodBev Client 001,Food & Beverage,30,410753.05,2025-09-23,2025-10-23,closed,2025-10-20,2025-10-28,2025-11-05,2025-11-01,39,9,False,False,average_payer
INV700013,C1008,Pharma Client 001,Pharma & Healthcare,60,371386.73,2025-10-02,2025-12-01,open,2025-11-21,2025-11-26,2025-12-01,,,,False,False,early_payer
INV700022,C1008,Pharma Client 001,Pharma & Healthcare,60,315179.4,2025-10-07,2025-12-06,closed,2025-11-26,2025-12-01,2025-12-06,2025-12-01,55,-5,False,False,early_payer
INV700035,C1002,Textiles Client 003,Textiles & Apparel,30,89970.82,2025-10-08,2025-11-07,closed,2025-10-16,2025-11-17,2025-12-19,2025-11-04,27,-3,False,False,erratic_payer
INV700030,C1002,Textiles Client 003,Textiles & Apparel,30,272003.35,2025-10-09,2025-11-08,closed,2025-10-17,2025-11-18,2025-12-20,2025-12-27,79,49,False,False,erratic_payer
INV700042,C1006,FoodBev Client 002,Food & Beverage,90,445594.08,2025-10-15,2026-01-13,open,2026-01-18,2026-01-31,2026-02-13,,,,False,False,chronic_late_payer
INV700027,C1003,Electro Client 001,Electronics & Hardware,60,224954.19,2025-11-05,2026-01-04,closed,2026-01-01,2026-01-09,2026-01-17,2026-01-04,60,0,True,False,average_payer
INV700048,C1004,Electro Client 002,Electronics & Hardware,30,43980.8,2025-11-14,2025-12-14,closed,2025-12-11,2025-12-19,2025-12-27,2025-12-19,35,5,False,False,average_payer
INV700014,C1005,FoodBev Client 001,Food & Beverage,90,80650.59,2025-11-19,2026-02-17,open,2026-02-14,2026-02-22,2026-03-02,,,,False,False,average_payer
INV700024,C1003,Electro Client 001,Electronics & Hardware,45,370974.83,2025-11-23,2026-01-07,open,2026-01-04,2026-01-12,2026-01-20,,,,False,False,average_payer
INV700041,C1005,FoodBev Client 001,Food & Beverage,45,399032.28,2025-11-30,2026-01-14,open,2026-01-11,2026-01-19,2026-01-27,,,,False,False,average_payer
INV700033,C1009,Pharma Client 002,Pharma & Healthcare,60,251793.45,2025-12-03,2026-02-01,open,2026-01-29,2026-02-06,2026-02-14,,,,False,False,average_payer
INV700015,C1007,Constro Client 001,Construction Materials,45,137639.86,2025-12-05,2026-01-19,closed,2026-01-16,2026-01-24,2026-02-01,2026-01-29,55,10,False,False,average_payer
INV700049,C1008,Pharma Client 001,Pharma & Healthcare,90,1463915.61,2025-12-08,2026-03-08,closed,2026-02-26,2026-03-03,2026-03-08,2026-03-03,85,-5,False,True,early_payer
INV700010,C1001,Textiles Client 002,Textiles & Apparel,30,296501.05,2025-12-29,2026-01-28,closed,2026-01-18,2026-01-23,2026-01-28,2026-01-19,21,-9,False,False,early_payer
INV700005,C1008,Pharma Client 001,Pharma & Healthcare,90,217536.81,2025-12-31,2026-03-31,closed,2026-03-21,2026-03-26,2026-03-31,2026-03-29,88,-2,False,False,early_payer
INV700043,C1008,Pharma Client 001,Pharma & Healthcare,90,198255.27,2026-01-13,2026-04-13,open,2026-04-03,2026-04-08,2026-04-13,,,,False,False,early_payer
INV700026,C1005,FoodBev Client 001,Food & Beverage,90,430425.27,2026-01-18,2026-04-18,open,2026-04-15,2026-04-23,2026-05-01,,,,False,False,average_payer
INV700031,C1009,Pharma Client 002,Pharma & Healthcare,90,82821.91,2026-01-19,2026-04-19,open,2026-04-16,2026-04-24,2026-05-02,,,,False,False,average_payer
INV700011,C1000,Textiles Client 001,Textiles & Apparel,90,88101.04,2026-01-21,2026-04-21,open,2026-04-26,2026-05-09,2026-05-22,,,,False,False,chronic_late_payer
INV700019,C1002,Textiles Client 003,Textiles & Apparel,30,1021839.95,2026-01-26,2026-02-25,closed,2026-02-03,2026-03-07,2026-04-08,2026-04-08,72,42,False,True,erratic_payer
INV700029,C1005,FoodBev Client 001,Food & Beverage,30,216474.83,2026-02-11,2026-03-13,open,2026-03-10,2026-03-18,2026-03-26,,,,False,False,average_payer
INV700012,C1002,Textiles Client 003,Textiles & Apparel,45,185063.12,2026-02-12,2026-03-29,open,2026-03-07,2026-04-08,2026-05-10,,,,False,False,erratic_payer
INV700017,C1008,Pharma Client 001,Pharma & Healthcare,90,188555.79,2026-02-12,2026-05-13,closed,2026-05-03,2026-05-08,2026-05-13,2026-05-01,78,-12,True,False,early_payer
INV700046,C1006,FoodBev Client 002,Food & Beverage,60,79975.06,2026-02-16,2026-04-17,closed,2026-04-22,2026-05-05,2026-05-18,2026-05-03,76,16,False,False,chronic_late_payer
INV700001,C1001,Textiles Client 002,Textiles & Apparel,90,45387.11,2026-02-23,2026-05-24,closed,2026-05-14,2026-05-19,2026-05-24,2026-05-22,88,-2,False,False,early_payer
INV700032,C1001,Textiles Client 002,Textiles & Apparel,45,444149.0,2026-03-03,2026-04-17,closed,2026-04-07,2026-04-12,2026-04-17,2026-04-14,42,-3,True,False,early_payer
INV700018,C1001,Textiles Client 002,Textiles & Apparel,45,85601.89,2026-03-06,2026-04-20,open,2026-04-10,2026-04-15,2026-04-20,,,,True,False,early_payer
INV700044,C1005,FoodBev Client 001,Food & Beverage,90,320870.85,2026-03-06,2026-06-04,closed,2026-06-01,2026-06-09,2026-06-17,2026-06-11,97,7,False,False,average_payer
INV700039,C1004,Electro Client 002,Electronics & Hardware,45,74653.48,2026-03-10,2026-04-24,closed,2026-04-21,2026-04-29,2026-05-07,2026-04-19,40,-5,True,False,average_payer
INV700034,C1007,Constro Client 001,Construction Materials,90,71882.02,2026-04-06,2026-07-05,closed,2026-07-02,2026-07-10,2026-07-18,2026-07-16,101,11,False,False,average_payer
INV700038,C1004,Electro Client 002,Electronics & Hardware,90,246979.17,2026-04-10,2026-07-09,closed,2026-07-06,2026-07-14,2026-07-22,2026-07-24,105,15,False,False,average_payer
INV700007,C1001,Textiles Client 002,Textiles & Apparel,30,196883.43,2026-04-12,2026-05-12,open,2026-05-02,2026-05-07,2026-05-12,,,,False,False,early_payer
INV700016,C1005,FoodBev Client 001,Food & Beverage,45,428347.42,2026-04-13,2026-05-28,closed,2026-05-25,2026-06-02,2026-06-10,2026-06-12,60,15,False,False,average_payer
INV700023,C1001,Textiles Client 002,Textiles & Apparel,60,174514.41,2026-04-15,2026-06-14,closed,2026-06-04,2026-06-09,2026-06-14,2026-06-10,56,-4,False,False,early_payer
INV700006,C1001,Textiles Client 002,Textiles & Apparel,60,230375.62,2026-04-18,2026-06-17,closed,2026-06-07,2026-06-12,2026-06-17,2026-06-18,61,1,False,False,early_payer
INV700050,C1004,Electro Client 002,Electronics & Hardware,60,345381.74,2026-04-21,2026-06-20,closed,2026-06-17,2026-06-25,2026-07-03,2026-06-28,68,8,False,False,average_payer
INV700003,C1006,FoodBev Client 002,Food & Beverage,45,66239.62,2026-04-26,2026-06-10,closed,2026-06-15,2026-06-28,2026-07-11,2026-06-15,50,5,False,False,chronic_late_payer
INV700004,C1005,FoodBev Client 001,Food & Beverage,30,324768.18,2026-04-30,2026-05-30,closed,2026-05-27,2026-06-04,2026-06-12,2026-05-30,30,0,False,False,average_payer
INV700008,C1000,Textiles Client 001,Textiles & Apparel,30,264266.28,2026-05-05,2026-06-04,open,2026-06-09,2026-06-22,2026-07-05,,,,False,False,chronic_late_payer
INV700002,C1009,Pharma Client 002,Pharma & Healthcare,30,988015.84,2026-05-15,2026-06-14,closed,2026-06-11,2026-06-19,2026-06-27,2026-06-21,37,7,False,True,average_payer
INV700009,C1009,Pharma Client 002,Pharma & Healthcare,90,1186490.45,2026-05-16,2026-08-14,open,2026-08-11,2026-08-19,2026-08-27,,,,False,True,average_payer
